Alpha,Gamma,Area,Perimeter,Ratio,Compactness,Radius,Steps,GrowthRate,Class,Video,Temperature,Supersaturation,OriginalPerimeter,CompactnessNormalized,BranchingFactor
2.5,0.01,143287,7752,0.4108794077878117,419.3925757366726,333.17412864746865,2385,60.07840670859539,Hybrid / Transition,snowflake_Alpha2.50_Gamma0.0100.mp4,-20.0,0.5,143287,0.029963264352493954,3.7030759959290243
2.5,0.0091,131035,6548,0.3757464612942968,327.2126073161582,333.17412864746865,2390,54.82635983263598,Dendrite (Star),snowflake_Alpha2.50_Gamma0.0100.mp4,-20.0,0.455,131035,0.03840429840810243,3.127933645684114
2.5,0.0082,142975,8947,0.40998473921892686,559.8797621922722,333.17412864746865,2393,59.74717927287923,Hybrid / Transition,snowflake_Alpha2.50_Gamma0.0100.mp4,-20.0,0.41,142975,0.022444766649657215,4.273919109336556
2.5,0.0073,126507,7845,0.3627622969356096,486.4871113812952,333.17412864746865,2395,52.82129436325678,Dendrite (Star),snowflake_Alpha2.50_Gamma0.0100.mp4,-20.0,0.365,126507,0.02583083974944294,3.747501443248606
2.5,0.0064,107071,9048,0.30702903313802915,764.5982945824304,333.17412864746865,2398,44.65012510425355,Dendrite (Star),snowflake_Alpha2.50_Gamma0.0100.mp4,-20.0,0.32,107071,0.01643525849231003,4.322166100511586
2.5,0.0055,106839,8781,0.3063637667662943,721.7023839541581,333.17412864746865,2400,44.51625,Dendrite (Star),snowflake_Alpha2.50_Gamma0.0100.mp4,-20.0,0.2749999999999999,106839,0.017412122910542574,4.194622074336012
2.5,0.0046,115237,11483,0.3304452624121103,1144.244374626689,333.17412864746865,2406,47.89567747298421,Dendrite (Star),snowflake_Alpha2.50_Gamma0.0100.mp4,-20.0,0.2299999999999999,115237,0.010982243734735267,5.485348511513543
2.5,0.0037,150095,19668,0.43040153476527243,2577.2359105727887,333.17412864746865,2692,55.75594353640416,Hybrid / Transition,snowflake_Alpha2.50_Gamma0.0100.mp4,-20.0,0.185,150095,0.004875910103038472,9.395265568618685
2.5,0.0028,81781,10070,0.2345092635640011,1239.9567136469357,333.17412864746865,2699,30.300481659874027,Dendrite (Star),snowflake_Alpha2.50_Gamma0.0100.mp4,-20.0,0.1399999999999999,81781,0.010134523629655938,4.8103683280450555
2.5,0.0019,74223,13089,0.21283649098825955,2308.205286739849,333.17412864746865,2709,27.39867109634552,Dendrite (Star),snowflake_Alpha2.50_Gamma0.0100.mp4,-20.0,0.095,74223,0.005444217066125329,6.252523440494711
2.5,0.001,54429,11306,0.15607665235843307,2348.4840066444635,333.17412864746865,2713,20.06229266494656,Dendrite (Star),snowflake_Alpha2.50_Gamma0.0100.mp4,-20.0,0.05,54429,0.005350843598923694,5.400796853711758
2.5,0.0001,34729,28278,0.09958187584222293,23025.289641998752,333.1816321467917,2724,12.749265785609396,Dendrite (Star),snowflake_Alpha2.50_Gamma0.0100.mp4,-20.0,0.005,34729,0.0005457638452927826,13.507897928238496
2.0,0.01,131023,5841,0.37571205096472426,260.39154194103025,333.17412864746865,2685,48.79813780260707,Dendrite (Star),snowflake_Alpha2.50_Gamma0.0100.mp4,-18.0,0.5,131023,0.0482595191863365,2.790204707458905
2.0,0.0091,153359,7848,0.4397611444089904,401.6138863685756,333.17412864746865,2689,57.03198214949796,Hybrid / Transition,snowflake_Alpha2.50_Gamma0.0100.mp4,-18.0,0.455,153359,0.03128968155932839,3.748934522194399
2.0,0.0082,125221,6618,0.3590746566164241,349.7650074640055,333.17412864746865,2690,46.55055762081784,Dendrite (Star),snowflake_Alpha2.50_Gamma0.0100.mp4,-18.0,0.41,125221,0.03592803838603478,3.161372154419283
2.0,0.0073,182297,10075,0.5227416541730562,556.8145663364903,333.17412864746865,2978,61.21457353928811,Hybrid / Transition,snowflake_Alpha2.50_Gamma0.0100.mp4,-18.0,0.365,182297,0.022568322335691362,4.812756792954711
2.0,0.0064,95003,4182,0.27242371169795915,184.09022872768134,333.17412864746865,2984,31.837466487935657,Dendrite (Star),snowflake_Alpha2.50_Gamma0.0100.mp4,-18.0,0.32,95003,0.06826201858228555,1.9977120504353947
2.0,0.0055,99447,5783,0.2851670037496389,336.2905768868212,333.17412864746865,2992,33.23763368983957,Dendrite (Star),snowflake_Alpha2.50_Gamma0.0100.mp4,-18.0,0.2749999999999999,99447,0.03736759659031914,2.7624985145069076
2.0,0.0046,81693,5683,0.23425692114713614,395.33973534580275,333.17412864746865,2995,27.276460767946578,Dendrite (Star),snowflake_Alpha2.50_Gamma0.0100.mp4,-18.0,0.2299999999999999,81693,0.03178625746590635,2.714729216313809
2.0,0.0037,87037,7025,0.24958098791675282,567.0074221243034,333.17412864746865,3003,28.983349983349985,Dendrite (Star),snowflake_Alpha2.50_Gamma0.0100.mp4,-18.0,0.185,87037,0.02216262102378556,3.3557931980651956
2.0,0.0028,99685,10574,0.28584947528616,1121.6278878354656,333.17412864746865,3292,30.280984204131222,Dendrite (Star),snowflake_Alpha2.50_Gamma0.0100.mp4,-18.0,0.1399999999999999,99685,0.01120368952173949,5.051125590938274
2.0,0.0019,69257,7217,0.19859634960017636,752.0552290634586,333.17412864746865,3302,20.974258025439127,Dendrite (Star),snowflake_Alpha2.50_Gamma0.0100.mp4,-18.0,0.095,69257,0.01670937203618211,3.447510250595945
2.0,0.001,80091,25930,0.22966314214920838,8395.011923831704,333.17412864746865,3309,24.20398912058024,Dendrite (Star),snowflake_Alpha2.50_Gamma0.0100.mp4,-18.0,0.05,80091,0.0014968853800587138,12.386579021470537
2.0,0.0001,36963,31238,0.10599241766567018,26399.7144164056,333.17412864746865,3315,11.15022624434389,Dendrite (Star),snowflake_Alpha2.50_Gamma0.0100.mp4,-18.0,0.005,36963,0.0004760040360970744,14.922173369560225
1.8,0.01,166909,7129,0.47861614155126325,304.4931130118538,333.17412864746865,2981,55.990942636699096,Hybrid / Transition,snowflake_Alpha2.50_Gamma0.0100.mp4,-17.2,0.5,166909,0.041269802426678964,3.405473268186018
1.8,0.0091,163201,7414,0.46798334971336303,336.8079607334709,333.17412864746865,2985,54.67370184254607,Hybrid / Transition,snowflake_Alpha2.50_Gamma0.0100.mp4,-17.2,0.455,163201,0.03731019476771274,3.54161576803635
1.8,0.0082,148003,7557,0.42440266730980125,385.8587258340313,333.17412864746865,2988,49.53246318607764,Hybrid / Transition,snowflake_Alpha2.50_Gamma0.0100.mp4,-17.2,0.41,148003,0.03256728375679962,3.609925864452481
1.8,0.0073,160093,9260,0.45907107435408745,535.6111760006021,333.17412864746865,2989,53.56072264971562,Hybrid / Transition,snowflake_Alpha2.50_Gamma0.0100.mp4,-17.2,0.365,160093,0.023461740862304944,4.423437012680955
1.8,0.0064,127549,7431,0.3657502605534877,432.929783844382,333.17412864746865,3278,38.91061622940818,Dendrite (Star),snowflake_Alpha2.50_Gamma0.0100.mp4,-17.2,0.32,127549,0.029026348112786458,3.549736548729177
1.8,0.0055,111011,5802,0.3183270913476642,303.2420570907096,333.17412864746865,3283,33.81388973499848,Dendrite (Star),snowflake_Alpha2.50_Gamma0.0100.mp4,-17.2,0.2749999999999999,111011,0.04144006519018762,2.7715746811635964
1.8,0.0046,133049,11656,0.38152166160754675,1021.145111943561,333.17412864746865,3292,40.41585662211422,Dendrite (Star),snowflake_Alpha2.50_Gamma0.0100.mp4,-17.2,0.2299999999999999,133049,0.012306155576994209,5.567989397387604
1.8,0.0037,91557,7668,0.26254221205572503,642.203479792455,333.17412864746865,3301,27.73614056346561,Dendrite (Star),snowflake_Alpha2.50_Gamma0.0100.mp4,-17.2,0.185,91557,0.01956758412190925,3.662949785446821
1.8,0.0028,102387,11917,0.29359753449489956,1387.0402394699813,333.17412864746865,3591,28.512113617376777,Dendrite (Star),snowflake_Alpha2.50_Gamma0.0100.mp4,-17.2,0.1399999999999999,102387,0.00905984574682436,5.692667265671592
1.8,0.0019,83097,11895,0.23828292970711779,1702.7212173519777,333.17412864746865,3602,23.06968350916157,Dendrite (Star),snowflake_Alpha2.50_Gamma0.0100.mp4,-17.2,0.095,83097,0.0073801691587250615,5.68215802006911
1.8,0.001,56487,7205,0.16197802388011556,919.0083558886291,333.17412864746865,3608,15.656042128603104,Dendrite (Star),snowflake_Alpha2.50_Gamma0.0100.mp4,-17.2,0.05,56487,0.013673837167656105,3.4417779348127735
1.8,0.0001,38497,32255,0.11039120479602046,27025.09351307829,333.17412864746865,3907,9.853340158689532,Dendrite (Star),snowflake_Alpha2.50_Gamma0.0100.mp4,-17.2,0.005,38497,0.00046498897803818793,15.40798713218404
1.5,0.01,154691,5924,0.4435806909915371,226.86372186987694,333.17412864746865,3280,47.16189024390244,Hybrid / Transition,snowflake_Alpha2.50_Gamma0.0100.mp4,-16.0,0.5,154691,0.05539171494984693,2.829853224959177
1.5,0.0091,174309,7315,0.49983584478763365,306.9791290162471,333.17412864746865,3284,53.07825822168088,Hybrid / Transition,snowflake_Alpha2.50_Gamma0.0100.mp4,-16.0,0.455,174309,0.04093558625486152,3.494324162825182
1.5,0.0082,175103,7461,0.5021126615943469,317.9072945619555,333.17412864746865,3575,48.979860139860136,Hybrid / Transition,snowflake_Alpha2.50_Gamma0.0100.mp4,-16.0,0.41,175103,0.03952841230523629,3.5640673381871064
1.5,0.0073,162407,7772,0.46570653290664976,371.92968283157785,333.17412864746865,3581,45.35241552638928,Hybrid / Transition,snowflake_Alpha2.50_Gamma0.0100.mp4,-16.0,0.365,162407,0.03378695273421363,3.712629855567644
1.5,0.0064,137471,7939,0.3942018680550103,458.48012307716914,333.17412864746865,3585,38.34616457461646,Dendrite (Star),snowflake_Alpha2.50_Gamma0.0100.mp4,-16.0,0.32,137471,0.027408757723074623,3.7924045835501192
1.5,0.0055,174309,10311,0.49983584478763365,609.9324819681718,333.17412864746865,3876,44.97136222910217,Hybrid / Transition,snowflake_Alpha2.50_Gamma0.0100.mp4,-16.0,0.2749999999999999,174309,0.020602888001204557,4.925492336690424
1.5,0.0046,140953,9963,0.40418659868596185,704.2160791135753,333.17412864746865,3884,36.29067971163749,Hybrid / Transition,snowflake_Alpha2.50_Gamma0.0100.mp4,-16.0,0.2299999999999999,140953,0.017844481242302337,4.7592551789784405
1.5,0.0037,108423,9683,0.3109059302698633,864.7656770162719,333.17412864746865,3892,27.857913669064747,Dendrite (Star),snowflake_Alpha2.50_Gamma0.0100.mp4,-16.0,0.185,108423,0.014531532585337199,4.625501144037763
1.5,0.0028,72801,4773,0.20875886693391918,312.92879218262215,333.17412864746865,4190,17.37494033412888,Dendrite (Star),snowflake_Alpha2.50_Gamma0.0100.mp4,-16.0,0.1399999999999999,72801,0.04015728475011146,2.280028602756609
1.5,0.0019,97871,12669,0.28064778046578487,1639.9501486483234,333.17412864746865,4196,23.324833174451857,Dendrite (Star),snowflake_Alpha2.50_Gamma0.0100.mp4,-16.0,0.095,97871,0.007662654029202124,6.0518923880836955
1.5,0.001,68839,13445,0.19739772312006787,2625.9536744777533,333.17412864746865,4211,16.347423414865826,Dendrite (Star),snowflake_Alpha2.50_Gamma0.0100.mp4,-16.0,0.05,68839,0.004785450229496429,6.422582142062143
1.5,0.0001,34403,23241,0.09864710399378028,15700.493590218863,333.1816321467917,4516,7.618024800708592,Dendrite (Star),snowflake_Alpha2.50_Gamma0.0100.mp4,-16.0,0.005,34403,0.0008003806085321109,11.101812566312713
1.2,0.01,160113,4985,0.45912842490337497,155.2042932169455,333.17412864746865,3875,41.319483870967744,Hybrid / Transition,snowflake_Alpha2.50_Gamma0.0100.mp4,-14.8,0.5,160113,0.0809666430857994,2.3812995149259786
1.2,0.0091,180289,6221,0.5169836590245924,214.66002362753878,333.17412864746865,3879,46.47821603506058,Hybrid / Transition,snowflake_Alpha2.50_Gamma0.0100.mp4,-14.8,0.455,180289,0.058540805138889415,2.9717280405926805
1.2,0.0082,160031,5740,0.4588932876512963,205.88261024297864,333.17412864746865,4171,38.36753776072885,Hybrid / Transition,snowflake_Alpha2.50_Gamma0.0100.mp4,-14.8,0.41,160031,0.061036580988795906,2.741957716283875
1.2,0.0073,116609,4170,0.33437951009323197,149.12142287345642,333.17412864746865,4176,27.92361111111111,Dendrite (Star),snowflake_Alpha2.50_Gamma0.0100.mp4,-14.8,0.365,116609,0.08426938512325245,1.9919797346522228
1.2,0.0064,178591,7699,0.5121145973900847,331.90138920588436,333.17412864746865,4464,40.00694444444444,Hybrid / Transition,snowflake_Alpha2.50_Gamma0.0100.mp4,-14.8,0.32,178591,0.03786175961587631,3.6777582678866816
1.2,0.0055,112311,4525,0.3220548770513509,182.31183944420127,333.17412864746865,4476,25.091823056300267,Dendrite (Star),snowflake_Alpha2.50_Gamma0.0100.mp4,-14.8,0.2749999999999999,112311,0.06892789109339638,2.161560743237724
1.2,0.0046,100589,3826,0.2884417201139544,145.52561413131133,333.17412864746865,4485,22.42787068004459,Dendrite (Star),snowflake_Alpha2.50_Gamma0.0100.mp4,-14.8,0.2299999999999999,100589,0.08635160682362379,1.8276533488679627
1.2,0.0037,119781,8122,0.3434753072102275,550.7291139617241,333.17412864746865,4778,25.069275847634994,Dendrite (Star),snowflake_Alpha2.50_Gamma0.0100.mp4,-14.8,0.185,119781,0.02281769802191253,3.87982239924349
1.2,0.0028,121837,10794,0.34937094367698124,956.2812281904818,333.17412864746865,5076,24.00256107171001,Dendrite (Star),snowflake_Alpha2.50_Gamma0.0100.mp4,-14.8,0.1399999999999999,121837,0.013140873462542578,5.156218046963092
1.2,0.0019,73351,6010,0.2103360070393251,492.4281877480549,333.17412864746865,5091,14.407974857591828,Dendrite (Star),snowflake_Alpha2.50_Gamma0.0100.mp4,-14.8,0.095,73351,0.025519194324872693,2.870934821405242
1.2,0.001,85935,15909,0.24642097265101226,2945.206039414148,333.17412864746865,5396,15.925685693106004,Dendrite (Star),snowflake_Alpha2.50_Gamma0.0100.mp4,-14.8,0.05,85935,0.0042667203740735776,7.599617649540098
1.2,0.0001,36167,20904,0.10370986580402816,12082.20797931589,333.17412864746865,5701,6.343974741273461,Dendrite (Star),snowflake_Alpha2.50_Gamma0.0100.mp4,-14.8,0.005,36167,0.001040072363886192,9.985694094285387
1.0,0.01,185265,5055,0.5312524756873194,137.92688851030724,333.17412864746865,4462,41.52061855670103,Hybrid / Transition,snowflake_Alpha2.50_Gamma0.0100.mp4,-14.0,0.5,185265,0.09110892553304983,2.4147380236611475
1.0,0.0091,169365,4875,0.4856587890037667,140.32193782575902,333.17412864746865,4470,37.88926174496644,Hybrid / Transition,snowflake_Alpha2.50_Gamma0.0100.mp4,-14.0,0.455,169365,0.08955385600424359,2.3287532869135696
1.0,0.0082,199881,6166,0.5731642571066152,190.2109555175819,333.17412864746865,4762,41.97417051658967,Hybrid / Transition,snowflake_Alpha2.50_Gamma0.0100.mp4,-14.0,0.41,199881,0.06606544076339713,2.9454549265864762
1.0,0.0073,187043,6498,0.5363509395189769,225.74490357711463,333.17412864746865,4767,39.23704636039438,Hybrid / Transition,snowflake_Alpha2.50_Gamma0.0100.mp4,-14.0,0.365,187043,0.0556662428040109,3.1040489965875646
1.0,0.0064,178907,6965,0.513020736068827,271.15330870077105,333.17412864746865,5062,35.3431450019755,Hybrid / Transition,snowflake_Alpha2.50_Gamma0.0100.mp4,-14.0,0.32,178907,0.04634415369851226,3.3271316191493363
1.0,0.0055,137637,5166,0.3946778776140964,193.898123322988,333.17412864746865,5072,27.136632492113566,Dendrite (Star),snowflake_Alpha2.50_Gamma0.0100.mp4,-14.0,0.2749999999999999,137637,0.0648091399695232,2.4677619446554875
1.0,0.0046,114767,4703,0.3290975245038544,192.72272517193338,333.17412864746865,5369,21.375861426708884,Dendrite (Star),snowflake_Alpha2.50_Gamma0.0100.mp4,-14.0,0.2299999999999999,114767,0.06520440494517861,2.24659009402144
1.0,0.0037,149863,8957,0.42973626839353757,535.3412716912424,333.17412864746865,5666,26.449523473349807,Hybrid / Transition,snowflake_Alpha2.50_Gamma0.0100.mp4,-14.0,0.185,149863,0.02347356962517698,4.278696039155865
1.0,0.0028,104183,7233,0.2987476138209159,502.1576360778423,333.17412864746865,5679,18.34530727240712,Dendrite (Star),snowflake_Alpha2.50_Gamma0.0100.mp4,-14.0,0.1399999999999999,104183,0.02502475261033436,3.455153338306841
1.0,0.0019,142043,17327,0.40731220362212994,2113.620023499126,333.17412864746865,5987,23.72523801570069,Hybrid / Transition,snowflake_Alpha2.50_Gamma0.0100.mp4,-14.0,0.095,142043,0.005945425608462427,8.27698629791824
1.0,0.001,124755,21501,0.35773838881802567,3705.6069976858194,333.17412864746865,6292,19.827558804831533,Dendrite (Star),snowflake_Alpha2.50_Gamma0.0100.mp4,-14.0,0.05,124755,0.003391177375827014,10.270876804498187
1.0,0.0001,41317,27729,0.11847763224555621,18609.711280620333,333.17412864746865,6617,6.244068308901315,Dendrite (Star),snowflake_Alpha2.50_Gamma0.0100.mp4,-14.0,0.005,41317,0.000675258762726819,13.245948695964385
0.7,0.01,206729,4385,0.592801085182651,93.01174484425015,333.17412864746865,5360,38.56884328358209,Hybrid / Transition,snowflake_Alpha2.50_Gamma0.0100.mp4,-12.8,0.5,206729,0.13510520241653728,2.094683725767385
0.7,0.0091,202439,4601,0.580499392360485,104.57076452608158,333.17412864746865,5654,35.80456314113901,Hybrid / Transition,snowflake_Alpha2.50_Gamma0.0100.mp4,-12.8,0.455,202439,0.12017097389741524,2.197865409864479
0.7,0.0082,182001,4513,0.5218928660436014,111.90690710429114,333.17412864746865,5951,30.583263317089564,Hybrid / Transition,snowflake_Alpha2.50_Gamma0.0100.mp4,-12.8,0.41,182001,0.11229307412256813,2.155828427454552
0.7,0.0073,194099,5105,0.5565842133076025,134.2666628878342,333.17412864746865,6244,31.08568225496477,Hybrid / Transition,snowflake_Alpha2.50_Gamma0.0100.mp4,-12.8,0.365,194099,0.09359263382297542,2.438622672757697
0.7,0.0064,184743,5915,0.5297556263509159,189.38322426186983,333.17412864746865,6256,29.530530690537084,Hybrid / Transition,snowflake_Alpha2.50_Gamma0.0100.mp4,-12.8,0.32,184743,0.0663541908913465,2.825553988121798
0.7,0.0055,161695,5357,0.46366485335201524,177.4788892657319,333.17412864746865,6557,24.659905444563066,Hybrid / Transition,snowflake_Alpha2.50_Gamma0.0100.mp4,-12.8,0.2749999999999999,161695,0.07080487525175969,2.5590013042043065
0.7,0.0046,178519,7100,0.5119081354126498,282.37890644535105,333.17412864746865,6858,26.030766987459906,Hybrid / Transition,snowflake_Alpha2.50_Gamma0.0100.mp4,-12.8,0.2299999999999999,178519,0.04450180352518827,3.3916201717100196
0.7,0.0037,178043,7986,0.5105431923396075,358.20670287313624,333.17412864746865,7447,23.9080166510004,Hybrid / Transition,snowflake_Alpha2.50_Gamma0.0100.mp4,-12.8,0.185,178043,0.0350813385497673,3.8148561537008754
0.7,0.0028,126955,7355,0.3640469492396493,426.1039344616116,333.17412864746865,7754,16.372839824606654,Dendrite (Star),snowflake_Alpha2.50_Gamma0.0100.mp4,-12.8,0.1399999999999999,126955,0.02949132734514115,3.5134318821024215
0.7,0.0019,87553,4599,0.25106063208837,241.5771132886186,333.17412864746865,8074,10.84381966807035,Dendrite (Star),snowflake_Alpha2.50_Gamma0.0100.mp4,-12.8,0.095,87553,0.05201805106099465,2.196910023900617
0.7,0.001,118527,17367,0.33987942776990204,2544.6749601141964,333.17412864746865,8684,13.648894518654998,Dendrite (Star),snowflake_Alpha2.50_Gamma0.0100.mp4,-12.8,0.05,118527,0.004938300887626597,8.29609401719548
0.7,0.0001,43337,19374,0.12427003772359246,8661.233495427436,333.17412864746865,9318,4.650890749087787,Dendrite (Star),snowflake_Alpha2.50_Gamma0.0100.mp4,-12.8,0.005,43337,0.0014508754002190787,9.254823831930974
0.5,0.01,220313,3689,0.6317535782587126,61.769940947371374,333.17412864746865,6547,33.650985184053766,Hybrid / Transition,snowflake_Alpha2.50_Gamma0.0100.mp4,-12.0,0.5,220313,0.20343828116992838,1.7622094103434172
0.5,0.0091,203477,3671,0.5834758858685055,66.22979992792193,333.17412864746865,6841,29.743750913609123,Hybrid / Transition,snowflake_Alpha2.50_Gamma0.0100.mp4,-12.0,0.455,203477,0.18973891855286434,1.7536109366686594
0.5,0.0082,216487,4063,0.6207824181800162,76.25385819898537,333.17412864746865,7143,30.30757384852303,Hybrid / Transition,snowflake_Alpha2.50_Gamma0.0100.mp4,-12.0,0.41,216487,0.16479652192166155,1.9408665855856069
0.5,0.0073,187401,4065,0.537377514351223,88.17575679911965,333.17412864746865,7441,25.18492138153474,Hybrid / Transition,snowflake_Alpha2.50_Gamma0.0100.mp4,-12.0,0.365,187401,0.14251502987289152,1.941821971549469
0.5,0.0064,205197,4785,0.5884080331072294,111.58167517014584,333.17412864746865,8031,25.55061636159881,Hybrid / Transition,snowflake_Alpha2.50_Gamma0.0100.mp4,-12.0,0.32,205197,0.11262037960207617,2.285760918539781
0.5,0.0055,196139,5245,0.5624339693349263,140.2578018642888,333.17412864746865,8334,23.534797216222703,Hybrid / Transition,snowflake_Alpha2.50_Gamma0.0100.mp4,-12.0,0.2749999999999999,196139,0.0895948064725388,2.5054996902280355
0.5,0.0046,200397,5849,0.5746439012782324,170.7151354552677,333.17412864746865,8924,22.45596145226356,Hybrid / Transition,snowflake_Alpha2.50_Gamma0.0100.mp4,-12.0,0.2299999999999999,200397,0.07361017276402448,2.7940262513143526
0.5,0.0037,201227,6950,0.5770239490736632,240.03985548539688,333.17412864746865,9522,21.13285024154589,Hybrid / Transition,snowflake_Alpha2.50_Gamma0.0100.mp4,-12.0,0.185,201227,0.052351183885215063,3.319966224420371
0.5,0.0028,166495,7375,0.47742898518101223,326.68023063559457,333.17412864746865,10129,16.437456807187285,Hybrid / Transition,snowflake_Alpha2.50_Gamma0.0100.mp4,-12.0,0.1399999999999999,166495,0.03846688423671712,3.5229857417410413
0.5,0.0019,98801,4607,0.283314581007653,214.8201840040605,333.17412864746865,10749,9.19164573448693,Dendrite (Star),snowflake_Alpha2.50_Gamma0.0100.mp4,-12.0,0.095,98801,0.05849715971751456,2.2007315677560646
0.5,0.001,139153,15989,0.39902504925008797,1837.1729031940583,333.17412864746865,11951,11.64362814827211,Dendrite (Star),snowflake_Alpha2.50_Gamma0.0100.mp4,-12.0,0.05,139153,0.0068400587622543686,7.6378330880945775
0.5,0.0001,45921,15945,0.13167972869153585,5536.530672120892,333.17412864746865,12917,3.5550824494851745,Dendrite (Star),snowflake_Alpha2.50_Gamma0.0100.mp4,-12.0,0.005,45921,0.0022697193167127605,7.616814596889615
0.3,0.01,220195,2671,0.6314152100179165,32.3996503098054,333.17412864746865,8332,26.427628420547286,Hybrid / Transition,snowflake_Alpha2.50_Gamma0.0100.mp4,-11.2,0.5,220195,0.3878551309702644,1.2759179547376707
0.3,0.0091,230847,3101,0.6619601125684322,41.65616620514169,333.17412864746865,8922,25.87390719569603,Hybrid / Transition,snowflake_Alpha2.50_Gamma0.0100.mp4,-11.2,0.455,230847,0.30166891865224843,1.4813259369679959
0.3,0.0082,217731,3219,0.6243496223456979,47.590655441588055,333.17412864746865,9228,23.594603381014306,Hybrid / Transition,snowflake_Alpha2.50_Gamma0.0100.mp4,-11.2,0.41,217731,0.26405121967113876,1.5376937088358524
0.3,0.0073,229233,3545,0.657331923240932,54.822058778383465,333.17412864746865,9820,23.34348268839104,Hybrid / Transition,snowflake_Alpha2.50_Gamma0.0100.mp4,-11.2,0.365,229233,0.2292210634610154,1.6934216209453548
0.3,0.0064,216257,3447,0.62012288686321,54.94300300080486,333.17412864746865,10699,20.212823628376483,Hybrid / Transition,snowflake_Alpha2.50_Gamma0.0100.mp4,-11.2,0.32,216257,0.2287164866855916,1.646607708716118
0.3,0.0055,211265,3881,0.6058081897610532,71.29510803932835,333.17412864746865,11304,18.689401981599435,Hybrid / Transition,snowflake_Alpha2.50_Gamma0.0100.mp4,-11.2,0.2749999999999999,211265,0.17625852544282417,1.853926462874167
0.3,0.0046,192813,4215,0.5528965729884171,92.14225700501449,333.17412864746865,12197,15.80823153234402,Hybrid / Transition,snowflake_Alpha2.50_Gamma0.0100.mp4,-11.2,0.2299999999999999,192813,0.13638010422958727,2.0134759188391174
0.3,0.0037,167665,4111,0.4807839923143303,100.7981451101852,333.17412864746865,13383,12.528207427333184,Hybrid / Transition,snowflake_Alpha2.50_Gamma0.0100.mp4,-11.2,0.185,167665,0.12466866925524113,1.9637958487182945
0.3,0.0028,182427,5177,0.5231144327434248,146.91536340483088,333.17412864746865,14583,12.50956593293561,Hybrid / Transition,snowflake_Alpha2.50_Gamma0.0100.mp4,-11.2,0.1399999999999999,182427,0.08553476180474541,2.473016567456728
0.3,0.0019,141197,5167,0.4048862753872692,189.0825513276551,333.17412864746865,16369,8.6258781843729,Hybrid / Transition,snowflake_Alpha2.50_Gamma0.0100.mp4,-11.2,0.095,141197,0.06645970517128173,2.4682396376374185
0.3,0.001,106897,5711,0.306530083359228,305.1116588837375,333.17412864746865,18485,5.7829050581552615,Dendrite (Star),snowflake_Alpha2.50_Gamma0.0100.mp4,-11.2,0.05,106897,0.04118613710212114,2.728104619807876
0.3,0.0001,84815,27028,0.24320934189091295,8613.014018645134,333.17412864746865,21579,3.930441633069188,Dendrite (Star),snowflake_Alpha2.50_Gamma0.0100.mp4,-11.2,0.005,84815,0.0014589980449361607,12.911085915630762
0.1,0.01,251585,2277,0.7214268971246282,20.608259633839026,333.17412864746865,12208,20.608207732634337,Hybrid / Transition,snowflake_Alpha2.50_Gamma0.0100.mp4,-10.4,0.5,251585,0.6097735004111001,1.0877069198568612
0.1,0.0091,248105,2303,0.7114479015486053,21.37727575010025,333.17412864746865,13099,18.94075883655241,Hybrid / Transition,snowflake_Alpha2.50_Gamma0.0100.mp4,-10.4,0.455,248105,0.5878377937959294,1.100126937387067
0.1,0.0082,240845,2251,0.6906296521572474,21.038431356179125,333.17412864746865,13993,17.21182019581219,Hybrid / Transition,snowflake_Alpha2.50_Gamma0.0100.mp4,-10.4,0.41,240845,0.597305493054913,1.0752869023266556
0.1,0.0073,245009,2375,0.7025700365189023,23.022113473288645,333.17412864746865,15183,16.137061186853717,Hybrid / Transition,snowflake_Alpha2.50_Gamma0.0100.mp4,-10.4,0.365,245009,0.54583913978557,1.134520832086098
0.1,0.0064,237665,2459,0.6815109148205368,25.44203395525028,333.17412864746865,16669,14.257903893454916,Hybrid / Transition,snowflake_Alpha2.50_Gamma0.0100.mp4,-10.4,0.32,237665,0.49392161949029206,1.174647042568301
0.1,0.0055,238403,2487,0.6836271500892451,25.944174360113152,333.17412864746865,18449,12.922272209875874,Hybrid / Transition,snowflake_Alpha2.50_Gamma0.0100.mp4,-10.4,0.2749999999999999,238403,0.48436193959689466,1.1880224460623687
0.1,0.0046,237549,2671,0.6811782816346694,30.03271325061342,333.17412864746865,20533,11.569132615789217,Hybrid / Transition,snowflake_Alpha2.50_Gamma0.0100.mp4,-10.4,0.2299999999999999,237549,0.4184227548620783,1.2759179547376707
0.1,0.0037,237505,2979,0.6810521104262369,37.36528073077466,333.17412864746865,23503,10.105305705654596,Hybrid / Transition,snowflake_Alpha2.50_Gamma0.0100.mp4,-10.4,0.185,237505,0.3363114198137143,1.4230473931724152
0.1,0.0028,212861,3033,0.6103847635941947,43.21641352787398,333.17412864746865,27368,7.777733118971061,Hybrid / Transition,snowflake_Alpha2.50_Gamma0.0100.mp4,-10.4,0.1399999999999999,212861,0.2907777297668081,1.4488428141966887
0.1,0.0019,213409,3885,0.6119561686446718,70.72440712401668,333.17412864746865,33298,6.409063607423869,Hybrid / Transition,snowflake_Alpha2.50_Gamma0.0100.mp4,-10.4,0.095,213409,0.17768081946963615,1.855837234801891
0.1,0.001,205131,5801,0.5882187762945807,164.04931970221932,333.17412864746865,42544,4.821619969913502,Hybrid / Transition,snowflake_Alpha2.50_Gamma0.0100.mp4,-10.4,0.05,205131,0.07660117479979733,2.7710969881816654
0.1,0.0001,70561,8276,0.20233560541372056,970.6803474869876,333.17412864746865,61629,1.1449317691346603,Dendrite (Star),snowflake_Alpha2.50_Gamma0.0100.mp4,-10.4,0.005,70561,0.012945941108949212,3.953387118460862
0.03,0.01,247441,1829,0.7095438633122607,13.519348046550412,333.17412864746865,15490,15.974241446094254,Hybrid / Transition,snowflake_Alpha2.50_Gamma0.0100.mp4,-10.12,0.5,247441,0.9295101044100317,0.8737004639517783
0.03,0.0091,244655,1833,0.7015549317965137,13.73317120020546,333.17412864746865,16682,14.665807457139431,Hybrid / Transition,snowflake_Alpha2.50_Gamma0.0100.mp4,-10.12,0.455,244655,0.9150377892409923,0.8756112358795023
0.03,0.0082,240899,1841,0.6907844986403235,14.069302902817906,333.17412864746865,18171,13.257333113202357,Hybrid / Transition,snowflake_Alpha2.50_Gamma0.0100.mp4,-10.12,0.41,240899,0.8931764921904136,0.8794327797349502
0.03,0.0073,256367,1987,0.7351394134592665,15.400457157062334,333.17412864746865,19959,12.844681597274413,Hybrid / Transition,snowflake_Alpha2.50_Gamma0.0100.mp4,-10.12,0.365,256367,0.8159738692266219,0.9491759550968745
0.03,0.0064,254117,1931,0.7286874766644241,14.673402409068762,333.17412864746865,22341,11.374468466048969,Hybrid / Transition,snowflake_Alpha2.50_Gamma0.0100.mp4,-10.12,0.32,254117,0.8564046881546589,0.9224251481087391
0.03,0.0055,256197,1995,0.7346519337903228,15.535017974388712,333.17412864746865,25316,10.119963659345869,Hybrid / Transition,snowflake_Alpha2.50_Gamma0.0100.mp4,-10.12,0.2749999999999999,256197,0.8089060878477317,0.9529974989523224
0.03,0.0046,255809,2071,0.7335393331341455,16.76657584363034,333.17412864746865,29187,8.764484188165964,Hybrid / Transition,snowflake_Alpha2.50_Gamma0.0100.mp4,-10.12,0.2299999999999999,255809,0.7494893848037022,0.9893021655790776
0.03,0.0037,250877,2107,0.7193966876798511,17.695719416217127,333.17412864746865,34540,7.263375796178344,Hybrid / Transition,snowflake_Alpha2.50_Gamma0.0100.mp4,-10.12,0.185,250877,0.7101361814535714,1.0064991129285932
0.03,0.0028,247865,2327,0.7107596949571555,21.846283258943995,333.17412864746865,42279,5.862603183613614,Hybrid / Transition,snowflake_Alpha2.50_Gamma0.0100.mp4,-10.12,0.1399999999999999,247865,0.5752177826020546,1.1115915689534106
0.03,0.0019,241367,2501,0.6921265014936507,25.914897231079994,333.17412864746865,55653,4.33699890392252,Hybrid / Transition,snowflake_Alpha2.50_Gamma0.0100.mp4,-10.12,0.095,241367,0.48490914327200674,1.1947101478094027
0.03,0.001,227297,2937,0.6517803900699033,37.95021051734977,333.17412864746865,82694,2.748651655501004,Hybrid / Transition,snowflake_Alpha2.50_Gamma0.0100.mp4,-10.12,0.05,227297,0.3311278236139807,1.4029842879313137
0.03,0.0001,94017,4559,0.269596329618086,221.0715189782585,333.17412864746865,182479,0.5152209295316174,Dendrite (Star),snowflake_Alpha2.50_Gamma0.0100.mp4,-10.12,0.005,94017,0.056843010227205074,2.1778023046233774
0.01,0.01,259597,1801,0.7444015271691957,12.4947553322554,333.17412864746865,16984,15.28479745642958,Hybrid / Transition,snowflake_Alpha2.50_Gamma0.0100.mp4,-10.04,0.5,259597,1.0,0.8603250604577106
0.01,0.0091,258097,1805,0.7401002359726341,12.623257922360107,333.17412864746865,18474,13.970823860560788,Hybrid / Transition,snowflake_Alpha2.50_Gamma0.0100.mp4,-10.04,0.455,258097,0.995493452767632,0.8622358323854346
0.01,0.0082,255167,1809,0.7316983805020172,12.824859797650852,333.17412864746865,20262,12.593376764386536,Hybrid / Transition,snowflake_Alpha2.50_Gamma0.0100.mp4,-10.04,0.41,255167,0.9798446776476952,0.8641466043131585
0.01,0.0073,254713,1813,0.7303965230331912,12.904598508859365,333.17412864746865,22645,11.248090086111723,Hybrid / Transition,snowflake_Alpha2.50_Gamma0.0100.mp4,-10.04,0.365,254713,0.9737901264947416,0.8660573762408824
0.01,0.0064,254581,1813,0.7300180094078937,12.911289530589826,333.17412864746865,25624,9.935256009990631,Hybrid / Transition,snowflake_Alpha2.50_Gamma0.0100.mp4,-10.04,0.32,254581,0.9732854789239568,0.8660573762408824
0.01,0.0055,252475,1817,0.7239789965679213,13.07649866318219,333.17412864746865,29496,8.559635204773528,Hybrid / Transition,snowflake_Alpha2.50_Gamma0.0100.mp4,-10.04,0.2749999999999999,252475,0.9609889419166234,0.8679681481686065
0.01,0.0046,250267,1823,0.7176474959265827,13.279133884957748,333.17412864746865,34560,7.241521990740741,Hybrid / Transition,snowflake_Alpha2.50_Gamma0.0100.mp4,-10.04,0.2299999999999999,250267,0.9463245662836514,0.8708343060601923
0.01,0.0037,246257,1829,0.7061487107944414,13.584348871245957,333.17412864746865,41709,5.904169363926251,Hybrid / Transition,snowflake_Alpha2.50_Gamma0.0100.mp4,-10.04,0.185,246257,0.92506241803784,0.8737004639517783
0.01,0.0028,246245,1853,0.706114300464869,13.943872971983415,333.17412864746865,53027,4.643766383163294,Hybrid / Transition,snowflake_Alpha2.50_Gamma0.0100.mp4,-10.04,0.1399999999999999,246245,0.9012109217828743,0.8851650955181221
0.01,0.0019,233423,1857,0.6693468633166607,14.773389940088279,333.17412864746865,73272,3.185705317174364,Hybrid / Transition,snowflake_Alpha2.50_Gamma0.0100.mp4,-10.04,0.095,233423,0.8506084700439852,0.887075867445846
0.01,0.001,246791,2289,0.7076799704604174,21.230599981274718,333.17412864746865,120583,2.046648366685188,Hybrid / Transition,snowflake_Alpha2.50_Gamma0.0100.mp4,-10.04,0.05,246791,0.5918989866225791,1.093439235640033
0.01,0.0001,188829,5321,0.5414723435703497,149.94010983403004,333.17412864746865,424158,0.4451855204900061,Hybrid / Transition,snowflake_Alpha2.50_Gamma0.0100.mp4,-10.04,0.005,188829,0.0838092664344584,2.5418043568547906
