Alpha,Gamma,Beta,TargetSteps,Area,Perimeter,Ratio,Compactness,Radius,Steps,GrowthRate,Class,Video,CompactnessNormalized,BranchingFactor,Temperature,Supersaturation,OriginalPerimeter
0.0289,0.039555,0.6152,1901,108871,108871,0.767972,108871.0,212.4265,1899,57.3307,Faceted Crystal,,0.2618,1.7127,,,108871
0.0346,8.7e-05,0.4107,462,7,7,1.114084,7.0,1.4142,222,0.0315,No Growth,,0.271496,2.0257,,,7
0.3295,0.003045,0.3182,788,337,337,0.492066,337.0,14.7648,785,0.4293,Hybrid / Transition,,0.077341,2.5224,,,337
0.3169,0.002379,0.3513,542,187,187,0.476192,187.0,11.1803,542,0.345,Hybrid / Transition,,0.047681,3.1602,,,187
0.3736,0.002028,0.4774,469,421,421,0.362185,421.0,19.2354,468,0.8996,Hybrid / Transition,,0.027577,3.624,,,421
0.024,0.005499,0.7025,1802,6259,6259,0.691771,6259.0,53.6656,1801,3.4753,Faceted Crystal,,0.123512,2.3666,,,6259
0.0323,0.03812,0.4902,1743,51961,51961,0.736899,51961.0,149.8166,1743,29.8112,Faceted Crystal,,0.233011,1.7783,,,51961
0.4962,0.000117,0.3155,768,169,169,0.298858,169.0,13.4164,752,0.2247,Sparse Dendrite,,0.022681,3.63,,,169
0.2944,0.001483,0.2956,402,61,61,0.571085,61.0,5.831,373,0.1635,Hybrid / Transition,,0.094636,2.4565,,,61
0.0879,7.2e-05,0.4465,505,25,25,0.397887,25.0,4.4721,466,0.0536,No Growth,,0.038785,3.2029,,,25
1.6743,0.004958,0.6159,618,27457,27457,0.290273,27457.0,173.5195,618,44.4288,Sparse Dendrite,,0.001325,14.7984,,,27457
0.2696,0.002428,0.4509,772,601,601,0.414977,601.0,21.4709,770,0.7805,Hybrid / Transition,,0.041616,3.1578,,,601
0.0116,0.008912,0.298,1215,775,775,0.770907,775.0,17.8885,1214,0.6384,Faceted Crystal,,0.220838,1.8684,,,775
0.0328,0.031619,0.5649,2000,68407,68407,0.742199,68407.0,171.2834,2000,34.2035,Faceted Crystal,,0.237623,1.7673,,,68407
0.1935,0.013974,0.3133,1030,2365,2365,0.669158,2365.0,33.541,1025,2.3073,Faceted Crystal,,0.163765,2.0214,,,2365
0.0315,0.000809,0.1243,1263,7,7,1.114084,7.0,1.4142,633,0.0111,No Growth,,0.271496,2.0257,,,7
0.2404,0.002623,0.4703,474,259,259,0.458013,259.0,13.4164,459,0.5643,Hybrid / Transition,,0.044646,3.2029,,,259
0.4111,0.002585,0.3891,421,229,229,0.464286,229.0,12.53,421,0.5439,Hybrid / Transition,,0.047553,3.1247,,,229
0.2434,0.002888,0.3801,523,187,187,0.561547,187.0,10.2956,520,0.3596,Hybrid / Transition,,0.089541,2.5043,,,187
0.2219,0.002177,0.4575,887,613,613,0.423262,613.0,21.4709,884,0.6934,Hybrid / Transition,,0.042447,3.1578,,,613
0.2195,0.002331,0.3929,1030,487,487,0.484428,487.0,17.8885,1026,0.4747,Hybrid / Transition,,0.065358,2.7225,,,487
0.0055,0.042586,0.2697,1902,33391,33391,0.768302,33391.0,117.618,1890,17.6672,Faceted Crystal,,0.261801,1.7131,,,33391
2.8485,0.003621,0.6765,1706,360000,360000,0.63662,360000.0,424.2641,1531,235.1404,Faceted Crystal,,0.196513,1.7999,,,360000
0.013,0.023991,0.2405,119,37,37,0.905959,37.0,3.6056,95,0.3895,No Growth,,0.26358,1.8539,,,37
0.009,0.00106,0.3531,668,7,7,1.114084,7.0,1.4142,376,0.0186,No Growth,,0.271496,2.0257,,,7
0.0086,0.000137,0.3331,540,1,1,1000000.0,1.0,0.0,1,1.0,No Growth,,0.349066,6000000.0,,,1
0.2005,0.002058,0.427,1061,547,547,0.429915,547.0,20.1246,1061,0.5156,Hybrid / Transition,,0.054852,2.7996,,,547
1.589,9.2e-05,0.6468,1270,133978,133978,0.307844,133978.0,372.2002,1270,105.4945,Dendrite (Star),,2.8e-05,104.3623,,,133978
0.0131,8.6e-05,0.412,463,1,1,1000000.0,1.0,0.0,1,1.0,No Growth,,0.349066,6000000.0,,,1
0.0635,0.047855,0.8934,770,303243,303243,0.728844,303243.0,363.9176,770,393.8221,Faceted Crystal,,0.203812,1.891,,,303243
0.276,0.002367,0.3587,752,265,265,0.468623,265.0,13.4164,718,0.3691,Hybrid / Transition,,0.060817,2.7759,,,265
0.0015,0.000439,0.7909,671,13,13,0.827606,13.0,2.2361,614,0.0212,No Growth,,0.092609,2.9894,,,13
0.0448,0.019772,0.5474,868,5287,5287,0.721348,5287.0,48.3011,868,6.091,Faceted Crystal,,0.213379,1.8386,,,5287
0.0347,0.000117,0.3191,438,7,7,1.114084,7.0,1.4142,352,0.0199,No Growth,,0.271496,2.0257,,,7
0.0086,0.000145,0.403,444,1,1,1000000.0,1.0,0.0,1,1.0,No Growth,,0.349066,6000000.0,,,1
0.3588,0.001829,0.4513,741,655,655,0.370984,655.0,23.7065,739,0.8863,Hybrid / Transition,,0.025334,3.8267,,,655
3.9411,0.00783,0.5234,1049,360000,360000,0.63662,360000.0,424.2641,876,410.9589,Faceted Crystal,,0.196513,1.7999,,,360000
0.1286,0.021345,0.4607,1744,23443,23443,0.705306,23443.0,102.8591,1744,13.4421,Faceted Crystal,,0.153355,2.1446,,,23443
2.4304,0.003366,0.7475,1514,360000,360000,0.63662,360000.0,424.2641,1204,299.0033,Faceted Crystal,,0.196513,1.7999,,,360000
0.392,0.000104,0.5389,448,421,421,0.268017,421.0,22.3607,437,0.9634,Sparse Dendrite,,0.009111,5.4236,,,421
0.0318,0.000915,0.3676,529,13,13,0.827606,13.0,2.2361,471,0.0276,No Growth,,0.092609,2.9894,,,13
0.0087,0.000151,0.3211,461,1,1,1000000.0,1.0,0.0,1,1.0,No Growth,,0.349066,6000000.0,,,1
0.0077,0.032265,0.7711,839,40273,40273,0.721766,40273.0,133.2704,839,48.0012,Faceted Crystal,,0.216193,1.8272,,,40273
2.8305,0.00294,0.7048,1835,360000,360000,0.63662,360000.0,424.2641,1656,217.3913,Faceted Crystal,,0.196513,1.7999,,,360000
0.027,0.000115,0.4451,769,13,13,0.827606,13.0,2.2361,575,0.0226,No Growth,,0.092609,2.9894,,,13
0.3542,0.001277,0.4341,467,235,235,0.415571,235.0,13.4164,447,0.5257,Hybrid / Transition,,0.037135,3.3453,,,235
0.3869,0.000119,0.368,510,115,115,0.345336,115.0,10.2956,495,0.2323,Hybrid / Transition,,0.026392,3.6173,,,115
0.3451,0.001359,0.3382,689,199,199,0.506749,199.0,11.1803,684,0.2909,Hybrid / Transition,,0.04567,3.331,,,199
2.8101,0.02886,0.6108,185,15433,15433,0.452429,15433.0,104.2017,185,83.4216,Hybrid / Transition,,0.007369,7.8354,,,15433
0.0084,0.000102,0.4741,512,1,1,1000000.0,1.0,0.0,1,1.0,No Growth,,0.349066,6000000.0,,,1
0.3878,0.001112,0.4129,400,151,151,0.384518,151.0,11.1803,376,0.4016,Hybrid / Transition,,0.043028,2.9894,,,151
0.2595,0.000504,0.5359,242,97,97,0.385951,97.0,8.9443,231,0.4199,Hybrid / Transition,,0.02764,3.7368,,,97
0.2933,0.001744,0.4234,663,319,319,0.414452,319.0,15.6525,660,0.4833,Hybrid / Transition,,0.039641,3.2334,,,319
0.0062,0.038937,0.1005,466,1141,1141,0.787834,1141.0,21.4709,456,2.5022,Faceted Crystal,,0.261857,1.7345,,,1141
0.0026,0.039016,0.6002,635,9919,9919,0.77196,9919.0,63.9531,627,15.8198,Faceted Crystal,,0.261806,1.7171,,,9919
0.0268,0.001234,0.4405,463,13,13,0.827606,13.0,2.2361,351,0.037,No Growth,,0.092609,2.9894,,,13
1.2853,9.3e-05,0.6526,1446,73934,73934,0.183847,73934.0,357.7821,1446,51.13,Dendrite (Star),,2.8e-05,80.9151,,,73934
1.4786,9.4e-05,0.6164,1341,89006,89006,0.238412,89006.0,344.7231,1341,66.3729,Dendrite (Star),,2.6e-05,94.8559,,,89006
0.476,0.000112,0.4155,474,199,199,0.290567,199.0,14.7648,458,0.4345,Sparse Dendrite,,0.019955,3.8159,,,199
0.1261,8.2e-05,0.3838,527,25,25,0.397887,25.0,4.4721,462,0.0541,No Growth,,0.038785,3.2029,,,25
0.0133,0.000995,0.2864,720,7,7,1.114084,7.0,1.4142,413,0.0169,No Growth,,0.271496,2.0257,,,7
1.2286,0.042343,0.8669,1156,360000,360000,0.63662,360000.0,424.2641,626,575.0799,Faceted Crystal,,0.196513,1.7999,,,360000
0.9371,0.006878,0.5066,546,4759,4759,0.397699,4759.0,61.7171,545,8.7321,Hybrid / Transition,,0.00824,6.9472,,,4759
0.1075,0.013159,0.3579,1063,2275,2275,0.67932,2275.0,32.6497,1063,2.1402,Faceted Crystal,,0.176905,1.9596,,,2275
0.0387,0.00094,0.3678,476,13,13,0.827606,13.0,2.2361,412,0.0316,No Growth,,0.092609,2.9894,,,13
0.2826,0.002532,0.3925,415,139,139,0.553063,139.0,8.9443,414,0.3357,Hybrid / Transition,,0.050489,3.3097,,,139
0.1059,0.000103,0.3869,401,19,19,0.465222,19.0,3.6056,364,0.0522,No Growth,,0.054812,2.9133,,,19
0.0128,0.000129,0.2406,423,1,1,1000000.0,1.0,0.0,1,1.0,No Growth,,0.349066,6000000.0,,,1
0.3206,0.001856,0.3829,783,355,355,0.391003,355.0,17.0,783,0.4534,Hybrid / Transition,,0.040965,3.0895,,,355
0.0113,8.4e-05,0.3906,523,1,1,1000000.0,1.0,0.0,1,1.0,No Growth,,0.349066,6000000.0,,,1
0.337,0.001901,0.4267,528,289,289,0.42198,289.0,14.7648,523,0.5526,Hybrid / Transition,,0.042016,3.1691,,,289
0.0733,9.6e-05,0.351,472,13,13,0.827606,13.0,2.2361,368,0.0353,No Growth,,0.092609,2.9894,,,13
0.0548,0.048764,0.8799,663,147187,147187,0.766016,147187.0,247.3095,662,222.3369,Faceted Crystal,,0.2618,1.7105,,,147187
2.0051,0.002605,0.7062,2000,351956,351956,0.622395,351956.0,424.2641,2000,175.978,Faceted Crystal,,0.010801,7.5912,,,351956
0.254,0.001914,0.3823,458,115,115,0.45757,115.0,8.9443,445,0.2584,Hybrid / Transition,,0.055065,2.8826,,,115
0.0356,0.032891,0.4207,1085,11905,11905,0.758958,11905.0,70.6612,1085,10.9724,Faceted Crystal,,0.249722,1.7433,,,11905
0.3586,0.000914,0.4466,699,451,451,0.354464,451.0,20.1246,697,0.6471,Hybrid / Transition,,0.022852,3.9384,,,451
0.0019,0.006062,0.4653,1413,817,817,0.812685,817.0,17.8885,1407,0.5807,Faceted Crystal,,0.26188,1.7616,,,817
2.8475,0.002639,0.7344,1765,360000,360000,0.63662,360000.0,424.2641,1449,248.4472,Faceted Crystal,,0.196513,1.7999,,,360000
0.0225,9.3e-05,0.4181,733,7,7,1.114084,7.0,1.4142,320,0.0219,No Growth,,0.271496,2.0257,,,7
2.2477,0.002747,0.6592,2000,359977,359977,0.636579,359977.0,424.2641,1985,181.3486,Faceted Crystal,,0.194227,1.8104,,,359977
1.2881,0.008558,0.601,1157,83095,83095,0.393133,83095.0,259.3839,1157,71.8194,Hybrid / Transition,,0.002933,11.5784,,,83095
2.6423,0.002248,0.6719,1908,358454,358454,0.636002,358454.0,423.5576,1908,187.869,Faceted Crystal,,0.048979,3.6035,,,358454
0.0025,0.015631,0.1736,780,631,631,0.81981,631.0,15.6525,742,0.8504,Faceted Crystal,,0.261903,1.7692,,,631
0.0269,0.000115,0.4091,512,7,7,1.114084,7.0,1.4142,279,0.0251,No Growth,,0.271496,2.0257,,,7
0.2567,0.001174,0.4071,714,247,247,0.436792,247.0,13.4164,704,0.3509,Hybrid / Transition,,0.042577,3.2029,,,247
2.465,0.003581,0.7006,1950,360000,360000,0.63662,360000.0,424.2641,1943,185.2805,Faceted Crystal,,0.196513,1.7999,,,360000
0.0483,0.05,0.9,838,356255,356255,0.698699,356255.0,402.866,838,425.1253,Faceted Crystal,,0.214921,1.803,,,356255
0.0578,0.046336,0.9,964,351385,351385,0.684341,351385.0,404.2784,964,364.5073,Faceted Crystal,,0.207594,1.8156,,,351385
0.2828,0.000792,0.3541,710,133,133,0.399389,133.0,10.2956,632,0.2104,Hybrid / Transition,,0.04831,2.8753,,,133
0.0101,9.4e-05,0.4319,701,7,7,1.114084,7.0,1.4142,620,0.0113,No Growth,,0.271496,2.0257,,,7
0.3753,0.001999,0.339,693,259,259,0.458013,259.0,13.4164,681,0.3803,Hybrid / Transition,,0.044646,3.2029,,,259
0.314,0.002681,0.3965,408,169,169,0.507494,169.0,10.2956,402,0.4204,Hybrid / Transition,,0.054171,3.0608,,,169
0.309,0.001035,0.3732,693,205,205,0.415628,205.0,12.53,671,0.3055,Hybrid / Transition,,0.038701,3.2771,,,205
0.277,0.001329,0.3389,520,97,97,0.475016,97.0,8.0623,480,0.2021,Hybrid / Transition,,0.064006,2.7242,,,97
0.0451,0.049779,0.9,870,355775,355775,0.702135,355775.0,401.608,868,409.879,Faceted Crystal,,0.216907,1.7992,,,355775
0.0298,0.000991,0.3878,774,25,25,0.612134,25.0,3.6056,707,0.0354,No Growth,,0.107736,2.3836,,,25
0.4256,0.040328,0.8953,1726,360000,360000,0.63662,360000.0,424.2641,1050,342.8571,Faceted Crystal,,0.196513,1.7999,,,360000
1.9771,0.002107,0.7397,2000,359918,359918,0.6386,359918.0,423.5576,1968,182.8852,Faceted Crystal,,0.196305,1.8036,,,359918
0.0314,9.9e-05,0.425,492,7,7,1.114084,7.0,1.4142,225,0.0311,No Growth,,0.271496,2.0257,,,7
0.2786,0.027476,0.5173,1652,62641,62641,0.708951,62641.0,167.7051,1652,37.9183,Faceted Crystal,,0.090699,2.7958,,,62641
0.0042,0.045348,0.4064,1347,27937,27937,0.771929,27937.0,107.3313,1343,20.8019,Faceted Crystal,,0.261802,1.7171,,,27937
0.487,0.000126,0.4419,723,511,511,0.241688,511.0,25.9422,722,0.7078,Sparse Dendrite,,0.008723,5.2638,,,511
0.327,0.000817,0.3301,537,97,97,0.475016,97.0,8.0623,485,0.2,Hybrid / Transition,,0.064006,2.7242,,,97
0.4118,0.000921,0.3719,765,325,325,0.357961,325.0,17.0,759,0.4282,Hybrid / Transition,,0.03259,3.3142,,,325
2.712,0.002752,0.6727,2000,359946,359946,0.636524,359946.0,424.2641,2000,179.973,Faceted Crystal,,0.186103,1.8494,,,359946
0.0064,0.019644,0.5233,900,4147,4147,0.763024,4147.0,41.5933,900,4.6078,Faceted Crystal,,0.244152,1.7678,,,4147
3.0064,0.002307,0.7532,2000,360000,360000,0.63662,360000.0,424.2641,1754,205.2452,Faceted Crystal,,0.196513,1.7999,,,360000
4.4587,0.011628,0.2932,1294,360000,360000,0.63662,360000.0,424.2641,617,583.4684,Faceted Crystal,,0.196513,1.7999,,,360000
0.3169,0.001821,0.3735,689,271,271,0.479233,271.0,13.4164,687,0.3945,Hybrid / Transition,,0.046714,3.2029,,,271
2.2684,0.002152,0.7065,2000,359880,359880,0.638532,359880.0,423.5576,1993,180.572,Faceted Crystal,,0.196776,1.8014,,,359880
0.199,0.034715,0.3225,308,1003,1003,0.692548,1003.0,21.4709,305,3.2885,Faceted Crystal,,0.189353,1.9124,,,1003
0.9224,0.021747,0.705,1070,289662,289662,0.730228,289662.0,355.3379,1070,270.7121,Faceted Crystal,,0.033563,4.6644,,,289662
0.3712,0.001971,0.4482,779,763,763,0.360877,763.0,25.9422,779,0.9795,Hybrid / Transition,,0.024158,3.865,,,763
0.2185,0.002726,0.3536,457,97,97,0.475016,97.0,8.0623,443,0.219,Hybrid / Transition,,0.064006,2.7242,,,97
4.1433,0.025619,0.5074,535,356814,356814,0.633092,356814.0,423.5576,535,666.9421,Faceted Crystal,,0.019124,5.7536,,,356814
0.3492,0.002969,0.4617,766,985,985,0.394881,985.0,28.178,761,1.2943,Hybrid / Transition,,0.036543,3.2873,,,985
2.552,0.002679,0.8218,1832,360000,360000,0.63662,360000.0,424.2641,1538,234.0702,Faceted Crystal,,0.196513,1.7999,,,360000
0.025,9.6e-05,0.4238,432,7,7,1.114084,7.0,1.4142,281,0.0249,No Growth,,0.271496,2.0257,,,7
0.0078,0.000164,0.454,368,1,1,1000000.0,1.0,0.0,1,1.0,No Growth,,0.349066,6000000.0,,,1
0.2076,0.003439,0.2859,693,157,157,0.624683,157.0,8.9443,682,0.2302,Faceted Crystal,,0.103598,2.4556,,,157
4.7211,0.037394,0.5074,1279,360000,360000,0.63662,360000.0,424.2641,580,620.6897,Faceted Crystal,,0.196513,1.7999,,,360000
0.111,0.004568,0.4127,732,319,319,0.564116,319.0,13.4164,732,0.4358,Hybrid / Transition,,0.0909,2.4912,,,319
0.0105,0.000133,0.2872,664,1,1,1000000.0,1.0,0.0,1,1.0,No Growth,,0.349066,6000000.0,,,1
0.2708,0.002138,0.3426,529,115,115,0.45757,115.0,8.9443,504,0.2282,Hybrid / Transition,,0.055065,2.8826,,,115
0.0095,9.2e-05,0.3959,749,1,1,1000000.0,1.0,0.0,1,1.0,No Growth,,0.349066,6000000.0,,,1
0.027,0.000116,0.3707,800,7,7,1.114084,7.0,1.4142,337,0.0208,No Growth,,0.271496,2.0257,,,7
0.0336,9.7e-05,0.4087,496,7,7,1.114084,7.0,1.4142,229,0.0306,No Growth,,0.271496,2.0257,,,7
0.0793,0.043641,0.5958,1407,87007,87007,0.721812,87007.0,195.8801,1407,61.8387,Faceted Crystal,,0.181558,1.9939,,,87007
0.2953,0.002045,0.4194,794,487,487,0.418965,487.0,19.2354,790,0.6165,Hybrid / Transition,,0.042831,3.1276,,,487
0.2683,0.026852,0.4522,1594,37537,37537,0.642214,37537.0,136.4001,1593,23.5637,Faceted Crystal,,0.119594,2.3173,,,37537
0.0116,0.000134,0.3801,666,7,7,1.114084,7.0,1.4142,665,0.0105,No Growth,,0.271496,2.0257,,,7
0.0094,0.000164,0.2995,734,1,1,1000000.0,1.0,0.0,1,1.0,No Growth,,0.349066,6000000.0,,,1
0.0018,0.013817,0.7955,1084,15769,15769,0.774603,15769.0,80.4984,1080,14.6009,Faceted Crystal,,0.261804,1.7201,,,15769
0.1014,0.0001,0.4592,525,31,31,0.290224,31.0,5.831,499,0.0621,No Growth,,0.029975,3.1116,,,31
0.0101,0.000844,0.3192,768,7,7,1.114084,7.0,1.4142,459,0.0153,No Growth,,0.271496,2.0257,,,7
0.0051,0.045814,0.1918,628,3571,3571,0.786633,3571.0,38.0132,612,5.835,Faceted Crystal,,0.261818,1.7334,,,3571
0.0287,0.000892,0.4423,437,13,13,0.827606,13.0,2.2361,379,0.0343,No Growth,,0.092609,2.9894,,,13
0.0013,0.029033,0.2532,1847,15337,15337,0.770383,15337.0,79.6053,1846,8.3082,Faceted Crystal,,0.261804,1.7154,,,15337
0.025,0.001014,0.3531,652,13,13,0.827606,13.0,2.2361,544,0.0239,No Growth,,0.092609,2.9894,,,13
0.0879,0.0001,0.4956,415,25,25,0.397887,25.0,4.4721,356,0.0702,No Growth,,0.038785,3.2029,,,25
1.0335,0.030287,0.1153,715,2491,2491,0.704809,2491.0,33.541,715,3.4839,Faceted Crystal,,0.193701,1.9075,,,2491
0.0306,0.00109,0.3922,503,13,13,0.827606,13.0,2.2361,409,0.0318,No Growth,,0.092609,2.9894,,,13
0.0083,0.00013,0.3534,714,1,1,1000000.0,1.0,0.0,1,1.0,No Growth,,0.349066,6000000.0,,,1
0.0624,0.036834,0.9,1133,339539,339539,0.761965,339539.0,376.6192,1133,299.6814,Faceted Crystal,,0.238687,1.7867,,,339539
2.0783,0.002948,0.6209,1326,255254,255254,0.534363,255254.0,389.9359,1326,192.4992,Dendrite (Star),,0.000297,42.4067,,,255254
0.0112,0.001153,0.3011,490,7,7,1.114084,7.0,1.4142,382,0.0183,No Growth,,0.271496,2.0257,,,7
0.2277,0.001066,0.4049,400,79,79,0.558811,79.0,6.7082,364,0.217,Hybrid / Transition,,0.076388,2.7047,,,79
0.4639,0.02621,0.6485,292,5395,5395,0.567509,5395.0,55.0091,292,18.476,Hybrid / Transition,,0.038558,3.8364,,,5395
0.5827,8e-05,0.2892,449,79,79,0.386869,79.0,8.0623,437,0.1808,Hybrid / Transition,,0.028695,3.6718,,,79
0.2879,0.001101,0.1511,1094,61,61,0.571085,61.0,5.831,1031,0.0592,Hybrid / Transition,,0.094636,2.4565,,,61
0.0096,0.001008,0.3557,493,7,7,1.114084,7.0,1.4142,376,0.0186,No Growth,,0.271496,2.0257,,,7
0.0358,0.001166,0.4295,667,37,37,0.905959,37.0,3.6056,667,0.0555,No Growth,,0.26358,1.8539,,,37
0.082,0.000103,0.4898,674,49,49,0.346604,49.0,6.7082,653,0.075,No Growth,,0.023463,3.8435,,,49
2.3393,0.003059,0.6232,2000,354920,354920,0.633944,354920.0,422.1481,2000,177.46,Faceted Crystal,,0.012337,7.1685,,,354920
0.0294,0.000883,0.3529,528,7,7,1.114084,7.0,1.4142,231,0.0303,No Growth,,0.271496,2.0257,,,7
0.0092,9.9e-05,0.4224,514,1,1,1000000.0,1.0,0.0,1,1.0,No Growth,,0.349066,6000000.0,,,1
0.3452,0.001887,0.3341,783,265,265,0.468623,265.0,13.4164,767,0.3455,Hybrid / Transition,,0.060817,2.7759,,,265
0.5223,0.038503,0.2,1727,27877,27877,0.693136,27877.0,113.1459,1727,16.1419,Faceted Crystal,,0.195679,1.8821,,,27877
0.5015,0.035404,0.7557,979,262126,262126,0.705297,262126.0,343.9491,979,267.7487,Faceted Crystal,,0.051909,3.6861,,,262126
0.0609,0.035328,0.8797,1184,322167,322167,0.740961,322167.0,372.0215,1184,272.1005,Faceted Crystal,,0.218142,1.843,,,322167
0.3224,0.001972,0.3353,526,115,115,0.45757,115.0,8.9443,471,0.2442,Hybrid / Transition,,0.055065,2.8826,,,115
0.0258,0.000121,0.5134,546,13,13,0.827606,13.0,2.2361,430,0.0302,No Growth,,0.092609,2.9894,,,13
0.0645,0.049278,0.3601,1264,28519,28519,0.76866,28519.0,108.6738,1260,22.6341,Faceted Crystal,,0.261802,1.7135,,,28519
0.007,0.000146,0.3056,703,1,1,1000000.0,1.0,0.0,1,1.0,No Growth,,0.349066,6000000.0,,,1
0.3034,0.002932,0.3873,794,487,487,0.484428,487.0,17.8885,788,0.618,Hybrid / Transition,,0.065358,2.7225,,,487
0.0076,0.049351,0.2047,748,5941,5941,0.781438,5941.0,49.1935,747,7.9531,Faceted Crystal,,0.26181,1.7276,,,5941
0.0018,0.00202,0.7646,1163,349,349,0.707581,349.0,12.53,1161,0.3006,Faceted Crystal,,0.194918,1.9053,,,349
0.0384,0.02185,0.6237,776,7345,7345,0.713453,7345.0,57.2451,775,9.4774,Faceted Crystal,,0.208091,1.8516,,,7345
2.5199,0.019221,0.6181,1812,360000,360000,0.63662,360000.0,424.2641,1341,268.4564,Faceted Crystal,,0.196513,1.7999,,,360000
2.3301,0.04716,0.6455,997,353685,353685,0.664236,353685.0,411.6916,997,354.7492,Faceted Crystal,,0.09901,2.5901,,,353685
0.5637,0.000116,0.4247,439,259,259,0.285267,259.0,17.0,429,0.6037,Sparse Dendrite,,0.017935,3.9882,,,259
0.0763,0.02894,0.3662,813,4747,4747,0.755509,4747.0,44.7214,812,5.8461,Faceted Crystal,,0.229345,1.815,,,4747
0.0169,0.003058,0.8334,1781,7015,7015,0.586228,7015.0,61.7171,1780,3.941,Hybrid / Transition,,0.126738,2.1507,,,7015
0.3592,0.000909,0.4608,501,289,289,0.31831,289.0,17.0,500,0.578,Hybrid / Transition,,0.025417,3.5389,,,289
4.7719,0.040723,0.6386,241,158389,158389,0.693281,158389.0,269.6702,241,657.2158,Dendrite (Star),,0.000746,30.4853,,,158389
0.5583,0.019131,0.6699,1159,135205,135205,0.639671,135205.0,259.3839,1159,116.6566,Faceted Crystal,,0.013986,6.763,,,135205
0.1001,0.000104,0.449,421,25,25,0.397887,25.0,4.4721,403,0.062,No Growth,,0.038785,3.2029,,,25
0.0248,0.035351,0.1668,845,3781,3781,0.776972,3781.0,39.3573,839,4.5066,Faceted Crystal,,0.261817,1.7227,,,3781
0.0287,0.000106,0.3884,432,7,7,1.114084,7.0,1.4142,293,0.0239,No Growth,,0.271496,2.0257,,,7
0.1163,0.000104,0.4464,518,31,31,0.290224,31.0,5.831,471,0.0658,No Growth,,0.029975,3.1116,,,31
4.2815,0.041559,0.3694,1121,360000,360000,0.63662,360000.0,424.2641,590,610.1695,Faceted Crystal,,0.196513,1.7999,,,360000
0.0312,9.4e-05,0.4411,776,13,13,0.827606,13.0,2.2361,518,0.0251,No Growth,,0.092609,2.9894,,,13
2.1821,0.002883,0.5798,2000,247200,247200,0.441539,247200.0,422.1481,2000,123.6,Dendrite (Star),,0.000335,36.3078,,,247200
0.0209,0.030536,0.5611,1082,17317,17317,0.739889,17317.0,86.3134,1082,16.0046,Faceted Crystal,,0.2332,1.7812,,,17317
0.6176,0.023248,0.8864,1812,360000,360000,0.63662,360000.0,424.2641,757,475.5614,Faceted Crystal,,0.196513,1.7999,,,360000
0.4628,0.000119,0.3906,735,289,289,0.287474,289.0,17.8885,732,0.3948,Sparse Dendrite,,0.016164,4.2172,,,289
0.0788,8.9e-05,0.4191,776,25,25,0.397887,25.0,4.4721,598,0.0418,No Growth,,0.038785,3.2029,,,25
2.7963,0.003138,0.5363,2000,359211,359211,0.635225,359211.0,424.2641,2000,179.6055,Faceted Crystal,,0.080463,2.8097,,,359211
0.6516,0.00029,0.3292,864,361,361,0.283728,361.0,20.1246,842,0.4287,Sparse Dendrite,,0.017441,4.0333,,,361
0.001,0.038597,0.3376,1827,30907,30907,0.768474,30907.0,113.1459,1818,17.0006,Faceted Crystal,,0.261802,1.7133,,,30907
0.1158,0.005861,0.2006,1417,529,529,0.68729,529.0,15.6525,1409,0.3754,Faceted Crystal,,0.169565,2.0133,,,529
2.5973,0.003184,0.7359,2000,360000,360000,0.63662,360000.0,424.2641,1331,270.4733,Faceted Crystal,,0.196513,1.7999,,,360000
0.4856,0.047218,0.2477,1880,56521,56521,0.694105,56521.0,160.9969,1880,30.0644,Faceted Crystal,,0.193881,1.8921,,,56521
0.0574,0.022957,0.8772,687,71203,71203,0.618626,71203.0,191.4079,687,103.6434,Faceted Crystal,,0.147137,2.0505,,,71203
0.4474,9.8e-05,0.4375,504,259,259,0.285267,259.0,17.0,502,0.5159,Sparse Dendrite,,0.017935,3.9882,,,259
0.0503,0.035288,0.8892,1276,338941,338941,0.723844,338941.0,386.0686,1276,265.6277,Faceted Crystal,,0.216838,1.8271,,,338941
0.1186,0.002854,0.7644,1597,27481,27481,0.622818,27481.0,118.5116,1597,17.2079,Faceted Crystal,,0.004972,11.1921,,,27481
0.0714,0.011314,0.2707,959,883,883,0.759642,883.0,19.2354,958,0.9217,Faceted Crystal,,0.225146,1.8368,,,883
2.2026,0.040621,0.7061,704,360000,360000,0.63662,360000.0,424.2641,643,559.8756,Faceted Crystal,,0.196513,1.7999,,,360000
0.0355,0.017516,0.2861,598,721,721,0.794123,721.0,17.0,589,1.2241,Faceted Crystal,,0.26189,1.7413,,,721
0.3579,0.000915,0.4382,409,169,169,0.342639,169.0,12.53,399,0.4236,Hybrid / Transition,,0.038785,2.9723,,,169
0.2917,0.001946,0.4016,489,187,187,0.476192,187.0,11.1803,470,0.3979,Hybrid / Transition,,0.047681,3.1602,,,187
3.8498,0.003655,0.6586,2000,360000,360000,0.63662,360000.0,424.2641,1120,321.4286,Faceted Crystal,,0.196513,1.7999,,,360000
0.4341,0.002211,0.5048,733,1471,1471,0.324037,1471.0,38.0132,724,2.0318,Hybrid / Transition,,0.014375,4.7479,,,1471
0.0178,0.030195,0.7549,1137,57085,57085,0.720917,57085.0,158.7608,1137,50.2067,Faceted Crystal,,0.217042,1.8225,,,57085
2.3123,0.002599,0.7183,2000,359990,359990,0.638728,359990.0,423.5576,1970,182.736,Faceted Crystal,,0.196508,1.8029,,,359990
2.2774,0.016042,0.1414,1384,5113,5113,0.615319,5113.0,51.4296,1384,3.6944,Faceted Crystal,,0.139774,2.0982,,,5113
0.1197,0.000105,0.3727,785,31,31,0.290224,31.0,5.831,688,0.0451,No Growth,,0.029975,3.1116,,,31
0.005,0.035849,0.2628,1501,15337,15337,0.770383,15337.0,79.6053,1491,10.2864,Faceted Crystal,,0.261804,1.7154,,,15337
0.0203,0.044881,0.299,1398,22969,22969,0.769201,22969.0,97.4936,1392,16.5007,Faceted Crystal,,0.261802,1.7141,,,22969
0.0098,0.001028,0.3592,403,7,7,1.114084,7.0,1.4142,365,0.0192,No Growth,,0.271496,2.0257,,,7
0.0379,0.002097,0.3439,620,37,37,0.905959,37.0,3.6056,579,0.0639,No Growth,,0.26358,1.8539,,,37
0.0097,0.000978,0.3676,465,7,7,1.114084,7.0,1.4142,369,0.019,No Growth,,0.271496,2.0257,,,7
0.0451,0.030973,0.849,1173,164971,164971,0.767213,164971.0,261.62,1169,141.1215,Faceted Crystal,,0.2618,1.7119,,,164971
4.5507,0.046102,0.5085,1745,360000,360000,0.63662,360000.0,424.2641,408,882.3529,Faceted Crystal,,0.196513,1.7999,,,360000
0.0803,0.011546,0.2603,1893,3511,3511,0.721489,3511.0,39.3573,1891,1.8567,Faceted Crystal,,0.206708,1.8683,,,3511
0.234,0.039169,0.7734,489,36157,36157,0.618604,36157.0,136.4001,488,74.0922,Faceted Crystal,,0.145029,2.0653,,,36157
1.2382,0.026728,0.1717,399,955,955,0.659406,955.0,21.4709,398,2.3995,Faceted Crystal,,0.164621,2.0014,,,955
0.0559,0.028715,0.8417,1187,154093,154093,0.697417,154093.0,265.198,1187,129.8172,Faceted Crystal,,0.19969,1.8688,,,154093
2.1364,0.001868,0.7121,2000,359809,359809,0.638406,359809.0,423.5576,1999,179.9945,Faceted Crystal,,0.181731,1.8743,,,359809
0.0087,0.000119,0.3655,691,1,1,1000000.0,1.0,0.0,1,1.0,No Growth,,0.349066,6000000.0,,,1
0.0057,0.040337,0.2138,1205,10981,10981,0.776747,10981.0,67.082,1200,9.1508,Faceted Crystal,,0.261805,1.7225,,,10981
0.0776,0.047997,0.651,263,3997,3997,0.735425,3997.0,41.5933,263,15.1977,Faceted Crystal,,0.223557,1.8137,,,3997
2.8725,0.002453,0.7687,1841,360000,360000,0.63662,360000.0,424.2641,1840,195.6522,Faceted Crystal,,0.196513,1.7999,,,360000
2.4969,0.002947,0.5802,1943,327013,327013,0.582161,327013.0,422.8499,1943,168.3031,Dendrite (Star),,0.001175,22.2625,,,327013
0.1551,0.016881,0.1936,1654,4561,4561,0.725906,4561.0,44.7214,1652,2.7609,Faceted Crystal,,0.210343,1.8577,,,4561
0.3196,0.028701,0.2112,750,2965,2965,0.737335,2965.0,35.7771,750,3.9533,Faceted Crystal,,0.183996,2.0018,,,2965
0.0081,0.001052,0.4028,499,7,7,1.114084,7.0,1.4142,342,0.0205,No Growth,,0.271496,2.0257,,,7
0.3445,0.009902,0.2394,1396,2125,2125,0.63453,2125.0,32.6497,1395,1.5233,Faceted Crystal,,0.131869,2.1936,,,2125
0.2702,0.000884,0.3336,767,133,133,0.399389,133.0,10.2956,730,0.1822,Hybrid / Transition,,0.04831,2.8753,,,133
0.0256,0.001025,0.4025,544,13,13,0.827606,13.0,2.2361,448,0.029,No Growth,,0.092609,2.9894,,,13
0.3083,0.000908,0.4724,757,523,523,0.332952,523.0,22.3607,757,0.6909,Hybrid / Transition,,0.023048,3.8008,,,523
0.0074,0.000111,0.3208,622,1,1,1000000.0,1.0,0.0,1,1.0,No Growth,,0.349066,6000000.0,,,1
0.337,0.044502,0.4325,451,6229,6229,0.634481,6229.0,55.9017,451,13.8115,Faceted Crystal,,0.153544,2.0328,,,6229
0.0107,9.7e-05,0.3813,522,1,1,1000000.0,1.0,0.0,1,1.0,No Growth,,0.349066,6000000.0,,,1
0.2937,0.001127,0.4497,405,151,151,0.384518,151.0,11.1803,395,0.3823,Hybrid / Transition,,0.043028,2.9894,,,151
0.5504,0.014024,0.4306,298,757,757,0.522691,757.0,21.4709,298,2.5403,Hybrid / Transition,,0.087353,2.4462,,,757
0.0239,0.001091,0.4181,785,25,25,0.612134,25.0,3.6056,684,0.0365,No Growth,,0.107736,2.3836,,,25
0.0289,0.035299,0.5321,835,11977,11977,0.744609,11977.0,71.5542,835,14.3437,Faceted Crystal,,0.229397,1.8016,,,11977
0.0067,0.000112,0.3055,691,1,1,1000000.0,1.0,0.0,1,1.0,No Growth,,0.349066,6000000.0,,,1
0.0547,0.024,0.9,1438,321191,321191,0.78403,321191.0,361.1108,1438,223.3595,Faceted Crystal,,0.250756,1.7682,,,321191
0.0474,0.024079,0.9,1289,285151,285151,0.761201,285151.0,345.3129,1289,221.2188,Faceted Crystal,,0.229896,1.8196,,,285151
0.2857,0.044429,0.6579,1223,138619,138619,0.592902,138619.0,272.8003,1223,113.3434,Hybrid / Transition,,0.133075,2.1108,,,138619
0.0118,0.00014,0.312,388,1,1,1000000.0,1.0,0.0,1,1.0,No Growth,,0.349066,6000000.0,,,1
0.032,0.001059,0.4194,725,25,25,0.612134,25.0,3.6056,587,0.0426,No Growth,,0.107736,2.3836,,,25
0.0229,0.000894,0.3891,744,13,13,0.827606,13.0,2.2361,530,0.0245,No Growth,,0.092609,2.9894,,,13
4.5864,0.041819,0.5364,597,360000,360000,0.63662,360000.0,424.2641,573,628.2723,Faceted Crystal,,0.196513,1.7999,,,360000
2.6226,0.002656,0.745,2000,360000,360000,0.63662,360000.0,424.2641,1377,261.4379,Faceted Crystal,,0.196513,1.7999,,,360000
0.0168,0.013574,0.2269,1936,3649,3649,0.749847,3649.0,39.3573,1936,1.8848,Faceted Crystal,,0.239021,1.7712,,,3649
0.0113,0.000837,0.3257,460,7,7,1.114084,7.0,1.4142,432,0.0162,No Growth,,0.271496,2.0257,,,7
0.1082,0.001069,0.6775,1740,5029,5029,0.408362,5029.0,62.6099,1737,2.8952,Hybrid / Transition,,0.003377,10.9967,,,5029
0.0068,0.000868,0.3923,402,1,1,1000000.0,1.0,0.0,1,1.0,No Growth,,0.349066,6000000.0,,,1
0.059,0.000722,0.7431,1725,3169,3169,0.394959,3169.0,50.5371,1724,1.8382,Hybrid / Transition,,0.002832,11.8098,,,3169
0.0918,8.2e-05,0.2802,507,13,13,0.827606,13.0,2.2361,456,0.0285,No Growth,,0.092609,2.9894,,,13
0.0234,0.037433,0.3852,299,1027,1027,0.807171,1027.0,20.1246,297,3.4579,Faceted Crystal,,0.261863,1.7557,,,1027
3.0702,0.003501,0.4862,1940,360000,360000,0.63662,360000.0,424.2641,1461,246.4066,Faceted Crystal,,0.196513,1.7999,,,360000
0.215,0.002582,0.3464,457,91,91,0.643693,91.0,6.7082,445,0.2045,Faceted Crystal,,0.087992,2.7047,,,91
0.009,0.000116,0.3481,441,1,1,1000000.0,1.0,0.0,1,1.0,No Growth,,0.349066,6000000.0,,,1
0.1245,0.00011,0.4042,792,61,61,0.431487,61.0,6.7082,725,0.0841,Hybrid / Transition,,0.029209,3.8435,,,61
2.4248,0.002634,0.65,2000,359950,359950,0.636531,359950.0,424.2641,1997,180.2454,Faceted Crystal,,0.19357,1.8134,,,359950
0.0087,0.000112,0.3901,524,1,1,1000000.0,1.0,0.0,1,1.0,No Growth,,0.349066,6000000.0,,,1
0.2816,0.014475,0.2094,1959,6013,6013,0.664582,6013.0,53.6656,1959,3.0694,Faceted Crystal,,0.148219,2.1175,,,6013
0.0044,0.01159,0.1541,1113,721,721,0.794123,721.0,17.0,1094,0.659,Faceted Crystal,,0.26189,1.7413,,,721
0.0275,9.8e-05,0.4117,700,13,13,0.827606,13.0,2.2361,675,0.0193,No Growth,,0.092609,2.9894,,,13
0.0059,0.018701,0.3629,1073,2977,2977,0.778643,2977.0,34.8855,1069,2.7848,Faceted Crystal,,0.261821,1.7245,,,2977
0.0855,7.8e-05,0.3831,476,19,19,0.465222,19.0,3.6056,461,0.0412,No Growth,,0.054812,2.9133,,,19
0.0323,0.000123,0.4643,459,13,13,0.827606,13.0,2.2361,440,0.0295,No Growth,,0.092609,2.9894,,,13
3.2624,0.002792,0.7404,2000,360000,360000,0.63662,360000.0,424.2641,1089,330.5785,Faceted Crystal,,0.196513,1.7999,,,360000
0.1947,0.03971,0.3126,1600,31165,31165,0.70631,31165.0,118.5116,1599,19.4903,Faceted Crystal,,0.203869,1.8613,,,31165
0.0081,0.04662,0.7761,299,10621,10621,0.771689,10621.0,66.1891,295,36.0034,Faceted Crystal,,0.261806,1.7168,,,10621
3.0534,0.003035,0.7307,2000,360000,360000,0.63662,360000.0,424.2641,1288,279.5031,Faceted Crystal,,0.196513,1.7999,,,360000
2.8752,0.003849,0.5241,1938,360000,360000,0.63662,360000.0,424.2641,1916,187.8914,Faceted Crystal,,0.196513,1.7999,,,360000
0.1042,7.7e-05,0.4762,680,67,67,0.328104,67.0,8.0623,676,0.0991,Hybrid / Transition,,0.024337,3.6718,,,67
2.8405,0.002367,0.6512,1905,359336,359336,0.637567,359336.0,423.5576,1905,188.6278,Faceted Crystal,,0.07616,2.8933,,,359336
0.0088,0.001054,0.3118,439,7,7,1.114084,7.0,1.4142,426,0.0164,No Growth,,0.271496,2.0257,,,7
3.6754,0.04324,0.5003,506,360000,360000,0.63662,360000.0,424.2641,488,737.7049,Faceted Crystal,,0.196513,1.7999,,,360000
0.0124,0.033652,0.1688,1447,9919,9919,0.77196,9919.0,63.9531,1425,6.9607,Faceted Crystal,,0.261806,1.7171,,,9919
0.0319,0.026697,0.6248,1995,68077,68077,0.738618,68077.0,171.2834,1995,34.1238,Faceted Crystal,,0.201985,1.9123,,,68077
0.0444,0.025776,0.9,1240,282155,282155,0.776927,282155.0,340.0,1240,227.5444,Faceted Crystal,,0.261251,1.7245,,,282155
3.0735,0.003822,0.4847,1897,360000,360000,0.63662,360000.0,424.2641,1241,290.0886,Faceted Crystal,,0.196513,1.7999,,,360000
0.0305,0.000101,0.3797,777,13,13,0.827606,13.0,2.2361,721,0.018,No Growth,,0.092609,2.9894,,,13
0.0088,0.000144,0.2676,732,1,1,1000000.0,1.0,0.0,1,1.0,No Growth,,0.349066,6000000.0,,,1
0.03,8.6e-05,0.383,753,13,13,0.827606,13.0,2.2361,727,0.0179,No Growth,,0.092609,2.9894,,,13
2.9775,0.003679,0.5728,1938,360000,360000,0.63662,360000.0,424.2641,1645,218.845,Faceted Crystal,,0.196513,1.7999,,,360000
2.4504,0.003169,0.7165,2000,360000,360000,0.63662,360000.0,424.2641,1740,206.8966,Faceted Crystal,,0.196513,1.7999,,,360000
0.0546,0.018751,0.4383,1383,7927,7927,0.713183,7927.0,59.4811,1383,5.7317,Faceted Crystal,,0.209228,1.8462,,,7927
0.0269,0.01279,0.1973,1872,2845,2845,0.744118,2845.0,34.8855,1870,1.5214,Faceted Crystal,,0.235051,1.7793,,,2845
0.3568,0.002863,0.3274,498,169,169,0.507494,169.0,10.2956,490,0.3449,Hybrid / Transition,,0.054171,3.0608,,,169
0.0197,0.011598,0.4321,277,121,121,0.8559,121.0,6.7082,272,0.4449,Faceted Crystal,,0.18772,2.1353,,,121
1.1936,0.007947,0.2858,848,2065,2065,0.454886,2065.0,38.0132,845,2.4438,Hybrid / Transition,,0.044691,3.1904,,,2065
0.0041,0.024763,0.2538,1846,11179,11179,0.760014,11179.0,68.4251,1846,6.0558,Faceted Crystal,,0.249741,1.7445,,,11179
0.3102,0.00278,0.3985,448,199,199,0.506749,199.0,11.1803,443,0.4492,Hybrid / Transition,,0.050741,3.1602,,,199
2.8398,0.002534,0.6384,2000,359838,359838,0.636333,359838.0,424.2641,1999,180.009,Faceted Crystal,,0.148617,2.0692,,,359838
0.0094,0.000177,0.3047,710,1,1,1000000.0,1.0,0.0,1,1.0,No Growth,,0.349066,6000000.0,,,1
2.8041,0.003017,0.6594,2000,359995,359995,0.636611,359995.0,424.2641,1987,181.1751,Faceted Crystal,,0.196511,1.7999,,,359995
0.027,8.4e-05,0.3842,795,7,7,1.114084,7.0,1.4142,321,0.0218,No Growth,,0.271496,2.0257,,,7
0.1329,0.037648,0.2838,1145,12865,12865,0.725431,12865.0,75.1332,1145,11.2358,Faceted Crystal,,0.207818,1.8683,,,12865
0.0122,0.001187,0.3267,764,13,13,0.827606,13.0,2.2361,727,0.0179,No Growth,,0.092609,2.9894,,,13
0.0365,0.049491,0.4496,1016,24505,24505,0.737257,24505.0,102.8591,1016,24.1191,Faceted Crystal,,0.22964,1.7918,,,24505
